<?xml version="1.0" encoding="UTF-8"?>
<template>
    <name>default</name>
    <default_layout>layout_3columns</default_layout>
    <box multiple="1">
        <class>Axis_Locale_Currency</class>
        <block>left</block>
        <sort_order>10</sort_order>
        <config>{}</config>
        <status>1</status>
        <page multiple="1">
            <module>*</module>
            <controller>*</controller>
            <action>*</action>
            <show>1</show>
            <block></block>
            <template></template>
            <tab_container></tab_container>
        </page>
        <page multiple="1">
            <module>account</module>
            <controller>*</controller>
            <action>*</action>
            <show>0</show>
            <block></block>
            <template></template>
            <tab_container></tab_container>
        </page>
    </box>
    <box multiple="1">
        <class>Axis_Account_Navigation</class>
        <block>left</block>
        <sort_order>10</sort_order>
        <config>{}</config>
        <status>1</status>
        <page multiple="1">
            <module>account</module>
            <controller>*</controller>
            <action>*</action>
            <show>1</show>
            <block></block>
            <template></template>
            <tab_container></tab_container>
        </page>
    </box>
    <box multiple="1">
        <class>Axis_Account_AddressBook</class>
        <block>content</block>
        <sort_order>127</sort_order>
        <config>{}</config>
        <status>1</status>
        <page multiple="1">
            <module>account</module>
            <controller>index</controller>
            <action>index</action>
            <show>1</show>
            <block></block>
            <template></template>
            <tab_container></tab_container>
        </page>
    </box>
    <box multiple="1">
        <class>Axis_Account_Wishlist</class>
        <block>content</block>
        <sort_order>127</sort_order>
        <config>{}</config>
        <status>1</status>
        <page multiple="1">
            <module>account</module>
            <controller>index</controller>
            <action>index</action>
            <show>1</show>
            <block></block>
            <template></template>
            <tab_container></tab_container>
        </page>
    </box>
    <box multiple="1">
        <class>Axis_Catalog_Compare</class>
        <block>right</block>
        <sort_order>70</sort_order>
        <config>{}</config>
        <status>1</status>
        <page multiple="1">
            <module>*</module>
            <controller>*</controller>
            <action>*</action>
            <show>1</show>
            <block></block>
            <template></template>
            <tab_container></tab_container>
        </page>
        <page multiple="1">
            <module>catalog</module>
            <controller>product-compare</controller>
            <action>*</action>
            <show>0</show>
            <block></block>
            <template></template>
            <tab_container></tab_container>
        </page>
    </box>
    <box multiple="1">
        <class>Axis_Catalog_Filters</class>
        <block>left</block>
        <sort_order>70</sort_order>
        <config>{}</config>
        <status>1</status>
        <page multiple="1">
            <module>catalog</module>
            <controller>*</controller>
            <action>*</action>
            <show>1</show>
            <block></block>
            <template></template>
            <tab_container></tab_container>
        </page>
        <page multiple="1">
            <module>catalog</module>
            <controller>index</controller>
            <action>product</action>
            <show>0</show>
            <block></block>
            <template></template>
            <tab_container></tab_container>
        </page>
        <page multiple="1">
            <module>catalog</module>
            <controller>product-compare</controller>
            <action>*</action>
            <show>0</show>
            <block></block>
            <template></template>
            <tab_container></tab_container>
        </page>
    </box>
    <box multiple="1">
        <class>Axis_Catalog_New</class>
        <block>content</block>
        <sort_order>30</sort_order>
        <config>{"products_count":2,"title":"New products","columns_count":2,"template":"catalog/box/highlight/grid.wide.phtml","tab_container":"home"}</config>
        <status>1</status>
        <page multiple="1">
            <module>core</module>
            <controller>index</controller>
            <action>index</action>
            <show>1</show>
            <block></block>
            <template></template>
            <tab_container></tab_container>
        </page>
    </box>
    <box multiple="1">
        <class>Axis_Catalog_Featured</class>
        <block>content</block>
        <sort_order>100</sort_order>
        <config>{"products_count":3,"columns_count":3,"title":"Store hottest products","template":"catalog/box/highlight/listing.phtml"}</config>
        <status>1</status>
        <page multiple="1">
            <module>core</module>
            <controller>index</controller>
            <action>index</action>
            <show>1</show>
            <block></block>
            <template></template>
            <tab_container></tab_container>
        </page>
    </box>
    <box multiple="1">
        <class>Axis_Catalog_Manufacturer</class>
        <block>right</block>
        <sort_order>100</sort_order>
        <config>{}</config>
        <status>1</status>
        <page multiple="1">
            <module>catalog</module>
            <controller>index</controller>
            <action>view</action>
            <show>1</show>
            <block></block>
            <template></template>
            <tab_container></tab_container>
        </page>
    </box>
    <box multiple="1">
        <class>Axis_Catalog_Product</class>
        <block>content</block>
        <sort_order>20</sort_order>
        <config>{"tab_container":"product-info"}</config>
        <status>1</status>
        <page multiple="1">
            <module>catalog</module>
            <controller>index</controller>
            <action>product</action>
            <show>1</show>
            <block></block>
            <template></template>
            <tab_container></tab_container>
        </page>
    </box>
    <box multiple="1">
        <class>Axis_Cms_Navigation</class>
        <block>left</block>
        <sort_order>100</sort_order>
        <config>{"disable_wrapper":1}</config>
        <status>1</status>
        <page multiple="1">
            <module>*</module>
            <controller>*</controller>
            <action>*</action>
            <show>1</show>
            <block></block>
            <template></template>
            <tab_container></tab_container>
        </page>
        <page multiple="1">
            <module>account</module>
            <controller>*</controller>
            <action>*</action>
            <show>0</show>
            <block></block>
            <template></template>
            <tab_container></tab_container>
        </page>
        <page multiple="1">
            <module>catalog</module>
            <controller>index</controller>
            <action>product</action>
            <show>0</show>
            <block></block>
            <template></template>
            <tab_container></tab_container>
        </page>
    </box>
    <box multiple="1">
        <class>Axis_Cms_Block_header_links</class>
        <block>header</block>
        <sort_order>100</sort_order>
        <config>{"disable_wrapper":1}</config>
        <status>1</status>
        <page multiple="1">
            <module>*</module>
            <controller>*</controller>
            <action>*</action>
            <show>1</show>
            <block></block>
            <template></template>
            <tab_container></tab_container>
        </page>
    </box>
    <box multiple="1">
        <class>Axis_Community_ReviewProduct</class>
        <block>content</block>
        <sort_order>30</sort_order>
        <config>{"tab_container":"product-info"}</config>
        <status>1</status>
        <page multiple="1">
            <module>catalog</module>
            <controller>index</controller>
            <action>product</action>
            <show>1</show>
            <block></block>
            <template></template>
            <tab_container></tab_container>
        </page>
    </box>
    <box multiple="1">
        <class>Axis_Discount_Special</class>
        <block>content</block>
        <sort_order>10</sort_order>
        <config>{"products_count":2,"title":"Season sale","columns_count":2,"template":"catalog/box/highlight/grid.wide.phtml","tab_container":"home"}</config>
        <status>1</status>
        <page multiple="1">
            <module>core</module>
            <controller>index</controller>
            <action>index</action>
            <show>1</show>
            <block></block>
            <template></template>
            <tab_container></tab_container>
        </page>
    </box>
    <box multiple="1">
        <class>Axis_GoogleAnalytics_Ga</class>
        <block>beforeBodyEnd</block>
        <sort_order>100</sort_order>
        <config>{}</config>
        <status>1</status>
        <page multiple="1">
            <module>*</module>
            <controller>*</controller>
            <action>*</action>
            <show>1</show>
            <block></block>
            <template></template>
            <tab_container></tab_container>
        </page>
    </box>
    <box multiple="1">
        <class>Axis_PaymentPaypal_ExpressButton</class>
        <block>content</block>
        <sort_order>100</sort_order>
        <config>{}</config>
        <status>1</status>
        <page multiple="1">
            <module>checkout</module>
            <controller>cart</controller>
            <action>index</action>
            <show>1</show>
            <block></block>
            <template></template>
            <tab_container></tab_container>
        </page>
    </box>
    <box multiple="1">
        <class>Axis_Poll_Poll</class>
        <block>right</block>
        <sort_order>110</sort_order>
        <config>{}</config>
        <status>1</status>
        <page multiple="1">
            <module>*</module>
            <controller>*</controller>
            <action>*</action>
            <show>1</show>
            <block></block>
            <template></template>
            <tab_container></tab_container>
        </page>
    </box>
    <box multiple="1">
        <class>Axis_Sales_Recent</class>
        <block>content</block>
        <sort_order>100</sort_order>
        <config>{}</config>
        <status>1</status>
        <page multiple="1">
            <module>account</module>
            <controller>index</controller>
            <action>index</action>
            <show>1</show>
            <block></block>
            <template></template>
            <tab_container></tab_container>
        </page>
    </box>
    <box multiple="1">
        <class>Axis_Search_Search</class>
        <block>header</block>
        <sort_order>100</sort_order>
        <config>{"disable_wrapper":1}</config>
        <status>1</status>
        <page multiple="1">
            <module>*</module>
            <controller>*</controller>
            <action>*</action>
            <show>1</show>
            <block></block>
            <template></template>
            <tab_container></tab_container>
        </page>
    </box>
    <box multiple="1">
        <class>Axis_Search_Search</class>
        <block>content</block>
        <sort_order>100</sort_order>
        <config>{}</config>
        <status>1</status>
        <page multiple="1">
            <module>search</module>
            <controller>index</controller>
            <action>index</action>
            <show>1</show>
            <block></block>
            <template></template>
            <tab_container></tab_container>
        </page>
    </box>
    <box multiple="1">
        <class>Axis_Tag_Product</class>
        <block>content</block>
        <sort_order>100</sort_order>
        <config>{"tab_container":"product-info"}</config>
        <status>1</status>
        <page multiple="1">
            <module>catalog</module>
            <controller>index</controller>
            <action>product</action>
            <show>1</show>
            <block></block>
            <template></template>
            <tab_container></tab_container>
        </page>
    </box>
    <box multiple="1">
        <class>Axis_Tag_Account</class>
        <block>content</block>
        <sort_order>110</sort_order>
        <config>{}</config>
        <status>1</status>
        <page multiple="1">
            <module>account</module>
            <controller>index</controller>
            <action>index</action>
            <show>1</show>
            <block></block>
            <template></template>
            <tab_container></tab_container>
        </page>
    </box>
    <box multiple="1">
        <class>Axis_Catalog_Navigation</class>
        <block>header</block>
        <sort_order>127</sort_order>
        <config>{"disable_wrapper":1,"template":"catalog/box/navigationTop.phtml"}</config>
        <status>1</status>
        <page multiple="1">
            <module>*</module>
            <controller>*</controller>
            <action>*</action>
            <show>1</show>
            <block></block>
            <template></template>
            <tab_container></tab_container>
        </page>
    </box>
    <box multiple="1">
        <class>Axis_Checkout_Cart</class>
        <block>right</block>
        <sort_order>50</sort_order>
        <config>{}</config>
        <status>1</status>
        <page multiple="1">
            <module>*</module>
            <controller>*</controller>
            <action>*</action>
            <show>1</show>
            <block></block>
            <template></template>
            <tab_container></tab_container>
        </page>
        <page multiple="1">
            <module>account</module>
            <controller>*</controller>
            <action>*</action>
            <show>0</show>
            <block></block>
            <template></template>
            <tab_container></tab_container>
        </page>
        <page multiple="1">
            <module>checkout</module>
            <controller>cart</controller>
            <action>*</action>
            <show>0</show>
            <block></block>
            <template></template>
            <tab_container></tab_container>
        </page>
        <page multiple="1">
            <module>checkout</module>
            <controller>cart</controller>
            <action>index</action>
            <show>0</show>
            <block></block>
            <template></template>
            <tab_container></tab_container>
        </page>
    </box>
    <box multiple="1">
        <class>Axis_Cms_Block_about_us</class>
        <block>content</block>
        <sort_order>50</sort_order>
        <config>{"title":"About Us","class":"box-about-us","tab_container":"home"}</config>
        <status>1</status>
        <page multiple="1">
            <module>core</module>
            <controller>index</controller>
            <action>index</action>
            <show>1</show>
            <block></block>
            <template></template>
            <tab_container></tab_container>
        </page>
    </box>
    <box multiple="1">
        <class>Axis_Cms_Block_home.banner</class>
        <block>beforeContent</block>
        <sort_order>10</sort_order>
        <config>{}</config>
        <status>1</status>
        <page multiple="1">
            <module>core</module>
            <controller>index</controller>
            <action>index</action>
            <show>1</show>
            <block></block>
            <template></template>
            <tab_container></tab_container>
        </page>
    </box>
    <box multiple="1">
        <class>Axis_Cms_Block_sidebar.banner</class>
        <block>right</block>
        <sort_order>60</sort_order>
        <config>{}</config>
        <status>1</status>
        <page multiple="1">
            <module>*</module>
            <controller>*</controller>
            <action>*</action>
            <show>1</show>
            <block></block>
            <template></template>
            <tab_container></tab_container>
        </page>
        <page multiple="1">
            <module>core</module>
            <controller>index</controller>
            <action>index</action>
            <show>0</show>
            <block></block>
            <template></template>
            <tab_container></tab_container>
        </page>
    </box>
    <box multiple="1">
        <class>Axis_Checkout_Cart</class>
        <block>left</block>
        <sort_order>50</sort_order>
        <config>{}</config>
        <status>1</status>
        <page multiple="1">
            <module>account</module>
            <controller>*</controller>
            <action>*</action>
            <show>1</show>
            <block></block>
            <template></template>
            <tab_container></tab_container>
        </page>
        <page multiple="1">
            <module>checkout</module>
            <controller>cart</controller>
            <action>*</action>
            <show>0</show>
            <block></block>
            <template></template>
            <tab_container></tab_container>
        </page>
        <page multiple="1">
            <module>checkout</module>
            <controller>cart</controller>
            <action>index</action>
            <show>0</show>
            <block></block>
            <template></template>
            <tab_container></tab_container>
        </page>
    </box>
    <box multiple="1">
        <class>Axis_Catalog_Bestseller</class>
        <block>content</block>
        <sort_order>40</sort_order>
        <config>{"products_count":2,"title":"Bestsellers","columns_count":2,"template":"catalog/box/highlight/grid.wide.phtml","tab_container":"home"}</config>
        <status>1</status>
        <page multiple="1">
            <module>core</module>
            <controller>index</controller>
            <action>index</action>
            <show>1</show>
            <block></block>
            <template></template>
            <tab_container></tab_container>
        </page>
    </box>
    <box multiple="1">
        <class>Axis_Catalog_Popular</class>
        <block>right</block>
        <sort_order>10</sort_order>
        <config>{"products_count":5,"title":"Popular products","template":"catalog/box/highlight/sidebar.phtml"}</config>
        <status>1</status>
        <page multiple="1">
            <module>core</module>
            <controller>index</controller>
            <action>index</action>
            <show>1</show>
            <block></block>
            <template></template>
            <tab_container></tab_container>
        </page>
    </box>
    <box multiple="1">
        <class>Axis_Account_Wishlist</class>
        <block>right</block>
        <sort_order>100</sort_order>
        <config>{"template":"account/box/wishlist/sidebar.phtml"}</config>
        <status>1</status>
        <page multiple="1">
            <module>catalog</module>
            <controller>*</controller>
            <action>*</action>
            <show>1</show>
            <block></block>
            <template></template>
            <tab_container></tab_container>
        </page>
        <page multiple="1">
            <module>checkout</module>
            <controller>*</controller>
            <action>*</action>
            <show>1</show>
            <block></block>
            <template></template>
            <tab_container></tab_container>
        </page>
    </box>
    <box multiple="1">
        <class>Axis_Tag_Cloud</class>
        <block>left</block>
        <sort_order>100</sort_order>
        <config>{}</config>
        <status>1</status>
        <page multiple="1">
            <module>*</module>
            <controller>*</controller>
            <action>*</action>
            <show>1</show>
            <block></block>
            <template></template>
            <tab_container></tab_container>
        </page>
    </box>
    <box multiple="1">
        <class>Axis_Core_Breadcrumbs</class>
        <block>beforeContent</block>
        <sort_order>100</sort_order>
        <config>{"template":""}</config>
        <status>1</status>
        <page multiple="1">
            <module>*</module>
            <controller>*</controller>
            <action>*</action>
            <show>1</show>
            <block></block>
            <template></template>
            <tab_container></tab_container>
        </page>
        <page multiple="1">
            <module>core</module>
            <controller>index</controller>
            <action>index</action>
            <show>0</show>
            <block></block>
            <template></template>
            <tab_container></tab_container>
        </page>
        <page multiple="1">
            <module>checkout</module>
            <controller>onestep</controller>
            <action>*</action>
            <show>0</show>
            <block></block>
            <template></template>
            <tab_container></tab_container>
        </page>
    </box>
    <box multiple="1">
        <class>Axis_Catalog_RecentlyViewed</class>
        <block>right</block>
        <sort_order>20</sort_order>
        <config>{"template":"catalog/box/recentlyViewed.phtml","products_count":15}</config>
        <status>1</status>
        <page multiple="1">
            <module>*</module>
            <controller>*</controller>
            <action>*</action>
            <show>1</show>
            <block></block>
            <template></template>
            <tab_container></tab_container>
        </page>
    </box>
    <box multiple="1">
        <class>Axis_Catalog_Related</class>
        <block>content</block>
        <sort_order>110</sort_order>
        <config>{"template":"catalog\/box\/highlight\/listing.phtml","tab_container":"product-info"}</config>
        <status>1</status>
        <page multiple="1">
            <module>catalog</module>
            <controller>index</controller>
            <action>product</action>
            <show>1</show>
            <block></block>
            <template></template>
            <tab_container></tab_container>
        </page>
    </box>
    <layout multiple="1">
        <layout>layout_2columns-left</layout>
        <page>
            <module>account</module>
            <controller>*</controller>
            <action>*</action>
        </page>
        <priority>100</priority>
    </layout>
    <layout multiple="1">
        <layout>layout_1column</layout>
        <page>
            <module>account</module>
            <controller>auth</controller>
            <action>*</action>
        </page>
        <priority>100</priority>
    </layout>
    <layout multiple="1">
        <layout>layout_1column</layout>
        <page>
            <module>account</module>
            <controller>forgot</controller>
            <action>*</action>
        </page>
        <priority>100</priority>
    </layout>
    <layout multiple="1">
        <layout>layout_1column</layout>
        <page>
            <module>sitemap</module>
            <controller>*</controller>
            <action>*</action>
        </page>
        <priority>100</priority>
    </layout>
    <layout multiple="1">
        <layout>layout_2columns-right</layout>
        <page>
            <module>contacts</module>
            <controller>*</controller>
            <action>*</action>
        </page>
        <priority>100</priority>
    </layout>
    <layout multiple="1">
        <layout>layout_2columns-right</layout>
        <page>
            <module>core</module>
            <controller>index</controller>
            <action>index</action>
        </page>
        <priority>100</priority>
    </layout>
    <layout multiple="1">
        <layout>layout_1column</layout>
        <page>
            <module>core</module>
            <controller>error</controller>
            <action>not-found</action>
        </page>
        <priority>100</priority>
    </layout>
    <layout multiple="1">
        <layout>layout_3columns</layout>
        <page>
            <module>catalog</module>
            <controller>index</controller>
            <action>view</action>
        </page>
        <priority>100</priority>
    </layout>
    <layout multiple="1">
        <layout>layout_2columns-right</layout>
        <page>
            <module>catalog</module>
            <controller>index</controller>
            <action>product</action>
        </page>
        <priority>100</priority>
    </layout>
    <layout multiple="1">
        <layout>layout_1column</layout>
        <page>
            <module>catalog</module>
            <controller>product-compare</controller>
            <action>index</action>
        </page>
        <priority>100</priority>
    </layout>
    <layout multiple="1">
        <layout>layout_2columns-left</layout>
        <page>
            <module>community</module>
            <controller>*</controller>
            <action>*</action>
        </page>
        <priority>100</priority>
    </layout>
    <layout multiple="1">
        <layout>layout_2columns-right</layout>
        <page>
            <module>poll</module>
            <controller>*</controller>
            <action>*</action>
        </page>
        <priority>100</priority>
    </layout>
    <layout multiple="1">
        <layout>layout_1column</layout>
        <page>
            <module>checkout</module>
            <controller>onestep</controller>
            <action>*</action>
        </page>
        <priority>100</priority>
    </layout>
    <layout multiple="1">
        <layout>layout_1column</layout>
        <page>
            <module>checkout</module>
            <controller>cart</controller>
            <action>*</action>
        </page>
        <priority>100</priority>
    </layout>
    <layout multiple="1">
        <layout>layout_1column</layout>
        <page>
            <module>checkout</module>
            <controller>index</controller>
            <action>success</action>
        </page>
        <priority>100</priority>
    </layout>
    <layout multiple="1">
        <layout>layout_1column</layout>
        <page>
            <module>paymentpaypal</module>
            <controller>*</controller>
            <action>*</action>
        </page>
        <priority>100</priority>
    </layout>
    <layout multiple="1">
        <layout>layout_3columns</layout>
        <page>
            <module>*</module>
            <controller>*</controller>
            <action>*</action>
        </page>
        <priority>100</priority>
    </layout>
    <layout multiple="1">
        <layout>layout_2columns-right</layout>
        <page>
            <module>search</module>
            <controller>*</controller>
            <action>*</action>
        </page>
        <priority>100</priority>
    </layout>
    <layout multiple="1">
        <layout>layout_1column</layout>
        <page>
            <module>tag</module>
            <controller>index</controller>
            <action>index</action>
        </page>
        <priority>100</priority>
    </layout>
    <layout multiple="1">
        <layout></layout>
        <page>
            <module>tag</module>
            <controller>account</controller>
            <action>*</action>
        </page>
        <parent_page>
            <module>account</module>
            <controller>*</controller>
            <action>*</action>
        </parent_page>
        <priority>100</priority>
    </layout>
    <cms_block multiple="1">
        <content multiple="1">
            <language_id>1</language_id>
            <content><![CDATA[<ul class="list-horizontal list-pipe info-menu no-bullet no-indent">
        <li class="first-item">Call Us: <span class="blue">1-800-800-8000</span></li>
        <li><a href="{{helper_href(/)}}">Help desk</a></li>
        <li><a href="{{helper_href(/page/shipping)}}">Shipping</a></li>
        <li><a href="{{helper_href(/page/privacy)}}">Privacy</a></li>
        <li><a href="{{helper_href(/sitemap)}}">Sitemap</a></li>
    </ul>]]></content>
        </content>
        <name>header_links</name>
        <is_active>1</is_active>
    </cms_block>
    <cms_block multiple="1">
        <content multiple="1">
            <language_id>1</language_id>
            <content><![CDATA[<div class="box box-pages">
    <div class="head"><h3 class="title">Info</h3></div>
    <div class="content">
        <ul class="informational">
            <li>
                <ul>
                    <li><a href="{{helper_href(page/privacy)}}">Privacy Policy</a></li>
                    <li><a href="{{helper_href(page/terms-of-use)}}">Terms &amp; Conditions</a></li>
                    <li><a href="{{helper_href(contacts)}}">Contact Us</a></li>
                    <li><a href="{{helper_href(page/company-history)}}">Company history</a></li>
                </ul>
            </li>
            <li>
                <ul>
                    <li><a href="{{helper_href(/)}}">Delivery Time</a></li>
                    <li><a href="{{helper_href(/)}}">Shipping &amp; Rates</a></li>
                    <li><a href="{{helper_href(/)}}">Order Return &amp; Refund</a></li>
                </ul>
            </li>
            <li>
                <ul>
                    <li><a href="{{helper_href(page/careers/)}}">Careers at Axis Demo Store</a></li>
                    <li><a href="{{helper_href(/)}}">Information</a></li>
                    <li><a href="{{helper_href(/)}}">Become a Supplier</a></li>
                </ul>
            </li>
        </ul>
    </div>
</div>]]></content>
        </content>
        <name>footer_links</name>
        <is_active>1</is_active>
    </cms_block>
    <cms_block multiple="1">
        <content multiple="1">
            <language_id>1</language_id>
            <content><![CDATA[<li class="nav-contacts"><a href="{{helper_href(contacts)}}"><span>Contacts</span></a></li>]]></content>
        </content>
        <name>menu</name>
        <is_active>1</is_active>
    </cms_block>
    <cms_block multiple="1">
        <content multiple="1">
            <language_id>1</language_id>
            <content><![CDATA[<div class="box box-contacts">
    <div class="head"><h3 class="title">Axis Demo store</h3></div>
    <div class="content">
        <p>Axis Demo store</p>
        <p>USA, New York, Street Address, 10001</p>
        <p>Phone: 1-800-000-0000</p>
        <img class="payments" src="{{helper_skinUrl(images/payments.gif)}}" alt="MasterCard,Visa,AmericanExperess"/>
    </div>
</div>]]></content>
        </content>
        <name>footer_contacts</name>
        <is_active>1</is_active>
    </cms_block>
    <cms_block multiple="1">
        <content multiple="1">
            <language_id>1</language_id>
            <content><![CDATA[<div class="col3-set" style="padding: 0 7px !important;">
  <div class="col-1">
    <p><strong>Lorem ipsum dolor sit amet</strong>, consectetur adipiscing elit. Sed euismod odio consectetur augue elementum dictum non ac orci. Pellentesque nunc nunc, facilisis eu tincidunt et, aliquam a elit. Sed vitae lacus augue, a accumsan nisi. Donec sit amet nisi et eros laoreet pretium nec id nunc.</p>
  </div>
  <div class="col-2">
    <p><span style="color: #339">Lorem ipsum dolor sit amet, consectetur adipiscing elit. <strong>Sed euismod odio consectetur augue elementum dictum non ac orci. </strong><span style="font-size: 1.2em;">Pellentesque nunc nunc</span></span>, facilisis eu tincidunt et, aliquam a elit. Sed vitae lacus augue, a accumsan nisi. Donec sit amet nisi et eros laoreet pretium nec id nunc.</p>
  </div>
  <div class="col-3">
    <p>Lorem ipsum dolor sit amet, consectetur adipiscing elit. Sed euismod odio consectetur augue elementum dictum non ac orci. Pellentesque nunc nunc, facilisis eu tincidunt et, aliquam a elit. Sed vitae lacus augue, a accumsan nisi.</p>
    <p><em>Donec sit amet nisi et eros laoreet pretium nec id nunc.</em></p>
  </div>
</div>]]></content>
            </content>
            <name>about_us</name>
            <is_active>1</is_active>
        </cms_block>
        <cms_block multiple="1">
            <content multiple="1">
                <language_id>1</language_id>
                <content><![CDATA[<div class="home-callout" style="margin-bottom:5px;overflow:hidden;zoom:1;">
  <div class="f-left">
    <a href="{{helper_href(checkout/cart)}}" title="Canon EOS 50D" class="f-left" style="height:253px;"><img src="{{helper_skinUrl(images/media/home.callout_1.jpg)}}" alt="Canon EOS 50D"/></a>
  </div>
  <div class="f-right" style="width:330px;">
    <a href="{{helper_href(store/htc-hero)}}" title="Htc Hero Special Offer. 20% Off" class="f-left" style="margin-bottom:10px;height:118px;"><img src="{{helper_skinUrl(images/media/home.callout_2.jpg)}}" alt="Htc Hero Special Offer. 20% Off"/></a>
    <a href="{{helper_href(page/shipping)}}" title="Mac book Pro" class="f-left" style="height:125px;"><img src="{{helper_skinUrl(images/media/home.callout_3.jpg)}}" alt="MacBook Pro"/></a>
  </div>
</div>]]></content>
            </content>
            <name>home.banner</name>
            <is_active>1</is_active>
        </cms_block>
        <cms_block multiple="1">
            <content multiple="1">
                <language_id>1</language_id>
                <content><![CDATA[<a href="{{helper_href(store/htc-hero)}}" title="Htc Hero Special Offer. 20% Off" style="display:block;margin-bottom:7px;height:118px;">
<img src="{{helper_skinUrl(images/media/sidebar.callout_1.jpg)}}" alt="Htc Hero Special Offer. 20% Off"/>
</a>]]></content>
            </content>
            <name>sidebar.banner</name>
            <is_active>1</is_active>
        </cms_block>
</template>